BEGIN;

INSERT INTO sports (name) VALUES
('soccer'),
('ice hockey'),
('basketball'),
('american football');

INSERT INTO competitions (_sport_id, type, name) VALUES
(1, 'tournament', 'UEFA Champions League'),
(2, 'league', 'NHL'),
(3, 'league', 'NBA'),
(4, 'league', 'NFL');

INSERT INTO countries (name, code) VALUES
('Argentina', 'AR'),
('Armenia', 'AM'),
('Australia', 'AU'),
('Austria', 'AT'),
('Belgium', 'BE'),
('Bosnia and Herzegovina', 'BA'),
('Brazil', 'BR'),
('Bulgaria', 'BG'),
('Cameroon', 'CM'),
('Canada', 'CA'),
('Colombia', 'CO'),
('Croatia', 'HR'),
('Cuba', 'CU'),
('Czech Republic', 'CZ'),
('Denmark', 'DK'),
('Dominican Republic', 'DO'),
('Egypt', 'EG'),
('England', 'EN'),
('Finland', 'FI'),
('France', 'FR'),
('Germany', 'DE'),
('Greece', 'GR'),
('Hungary', 'HU'),
('Iran', 'IR'),
('Italy', 'IT'),
('Japan', 'JP'),
('Latvia', 'LV'),
('Morocco', 'MA'),
('Montenegro', 'ME'),
('Netherlands', 'NL'),
('Nigeria', 'NG'),
('Norway', 'NO'),
('Poland', 'PL'),
('Portugal', 'PT'),
('Russia', 'RU'),
('Scotland', 'SC'),
('Serbia', 'RS'),
('Slovakia', 'SK'),
('Slovenia', 'SI'),
('Spain', 'ES'),
('Sweden', 'SE'),
('Switzerland', 'CH'),
('Turkey', 'TR'),
('Ukraine', 'UA'),
('United States', 'US'),
('Uruguay', 'UY');

INSERT INTO cities (_country_id, name) VALUES
(40, 'Madrid'),
(40, 'Barcelona'),
(21, 'Munich'),
(20, 'Paris'),
(18, 'Manchester'),
(18, 'Liverpool'),
(25, 'Turin'),
(25, 'Milan'),
(30, 'Amsterdam'),
(34, 'Lisbon'),
(45, 'Boston'),
(45, 'New York'),
(10, 'Toronto'),
(10, 'Montreal'),
(45, 'Chicago'),
(45, 'Detroit'),
(45, 'Pittsburgh'),
(45, 'Tampa'),
(45, 'Denver'),
(45, 'Los Angeles'),
(45, 'San Francisco'),
(45, 'Miami'),
(45, 'Dallas'),
(45, 'Phoenix'),
(45, 'Milwaukee'),
(45, 'Philadelphia'),
(45, 'Kansas City'),
(45, 'Foxborough'),
(45, 'Arlington'),
(45, 'Green Bay'),
(45, 'Santa Clara'),
(45, 'Buffalo'),
(45, 'Miami Gardens'),
(18, 'London'),
(20, 'Saint-Denis'),
(23, 'Budapest'),
(33, 'Warsaw'),
(43, 'Istanbul'),
(35, 'Moscow'),
(26, 'Saitama');

/* logo paths will be later prefixed with storage URL */
INSERT INTO teams (_sport_id, _city_id, name, abbreviation, logo_path, description) VALUES
(1, 1, 'Real Madrid', 'RMA', 'teams/real_madrid.png', NULL),
(1, 2, 'FC Barcelona', 'FCB', 'teams/fc_barcelona.png', NULL),
(1, 3, 'Bayern Munich', 'BAY', 'teams/bayern_munich.png', NULL),
(1, 4, 'Paris SG', 'PSG', 'teams/paris_sg.png', NULL),
(1, 5, 'Manchester City', 'MCI', 'teams/manchester_city.png', NULL),
(1, 6, 'Liverpool', 'LIV', 'teams/liverpool.png', NULL),
(1, 7, 'Juventus', 'JUV', 'teams/juventus.png', NULL),
(1, 8, 'Inter Milan', 'INT', 'teams/inter_milan.png', NULL),
(1, 9, 'Ajax', 'AJX', 'teams/ajax.png', NULL),
(1, 10, 'Benfica', 'BEN', 'teams/benfica.png', NULL),
(2, 11, 'Boston Bruins', 'BOS', 'teams/boston_bruins.png', NULL),
(2, 12, 'New York Rangers', 'NYR', 'teams/new_york_rangers.png', NULL),
(2, 13, 'Toronto Maple Leafs', 'TOR', 'teams/toronto_maple_leafs.png', NULL),
(2, 14, 'Montreal Canadiens', 'MTL', 'teams/montreal_canadiens.png', NULL),
(2, 15, 'Chicago Blackhawks', 'CHI', 'teams/chicago_blackhawks.png', NULL),
(2, 16, 'Detroit Red Wings', 'DET', 'teams/detroit_red_wings.png', NULL),
(2, 17, 'Pittsburgh Penguins', 'PIT', 'teams/pittsburgh_penguins.png', NULL),
(2, 18, 'Tampa Bay Lightning', 'TBL', 'teams/tampa_bay_lightning.png', NULL),
(2, 19, 'Colorado Avalanche', 'COL', 'teams/colorado_avalanche.png', NULL),
(2, 20, 'Los Angeles Kings', 'LAK', 'teams/los_angeles_kings.png', NULL),
(3, 20, 'Los Angeles Lakers', 'LAL', 'teams/los_angeles_lakers.png', NULL),
(3, 11, 'Boston Celtics', 'CEL', 'teams/boston_celtics.png', NULL),
(3, 21, 'Golden State Warriors', 'GSW', 'teams/golden_state_warriors.png', NULL),
(3, 15, 'Chicago Bulls', 'BUL', 'teams/chicago_bulls.png', NULL),
(3, 22, 'Miami Heat', 'MIA', 'teams/miami_heat.png', NULL),
(3, 23, 'Dallas Mavericks', 'DAL', 'teams/dallas_mavericks.png', NULL),
(3, 12, 'New York Knicks', 'NYK', 'teams/new_york_knicks.png', NULL),
(3, 24, 'Phoenix Suns', 'PHX', 'teams/phoenix_suns.png', NULL),
(3, 25, 'Milwaukee Bucks', 'MIL', 'teams/milwaukee_bucks.png', NULL),
(3, 26, 'Philadelphia 76ers', 'PHI', 'teams/philadelphia_76ers.png', NULL),
(4, 27, 'Kansas City Chiefs', 'KCC', 'teams/kansas_city_chiefs.png', NULL),
(4, 28, 'New England Patriots', 'NEP', 'teams/new_england_patriots.png', NULL),
(4, 29, 'Dallas Cowboys', 'DAL', 'teams/dallas_cowboys.png', NULL),
(4, 30, 'Green Bay Packers', 'GBP', 'teams/green_bay_packers.png', NULL),
(4, 31, 'San Francisco 49ers', 'SFN', 'teams/san_francisco_49ers.png', NULL),
(4, 17, 'Pittsburgh Steelers', 'PIT', 'teams/pittsburgh_steelers.png', NULL),
(4, 32, 'Buffalo Bills', 'BUF', 'teams/buffalo_bills.png', NULL),
(4, 33, 'Miami Dolphins', 'MIA', 'teams/miami_dolphins.png', NULL),
(4, 26, 'Philadelphia Eagles', 'PHI', 'teams/philadelphia_eagles.png', NULL),
(4, 15, 'Chicago Bears', 'CHI', 'teams/chicago_bears.png', NULL);

INSERT INTO competition_teams (_competition_id, _team_id) VALUES
(1, 1),
(1, 2),
(1, 3),
(1, 4),
(1, 5),
(1, 6),
(1, 7),
(1, 8),
(1, 9),
(1, 10),
(2, 11),
(2, 12),
(2, 13),
(2, 14),
(2, 15),
(2, 16),
(2, 17),
(2, 18),
(2, 19),
(2, 20),
(3, 21),
(3, 22),
(3, 23),
(3, 24),
(3, 25),
(3, 26),
(3, 27),
(3, 28),
(3, 29),
(3, 30),
(4, 31),
(4, 32),
(4, 33),
(4, 34),
(4, 35),
(4, 36),
(4, 37),
(4, 38),
(4, 39),
(4, 40);

/* the same as for logos - photos will be prefixed with storage URL */ 
INSERT INTO players (_team_id, _country_id, first_name, last_name, shirt_number, birth_date, height, photo_path) VALUES
(1, 5, 'Thibaut', 'Courtois', 1, '1992-05-11', 199, 'players/thibaut_courtois.png'),
(1, 40, 'Dani', 'Carvajal', 2, '1992-01-11', 173, 'players/dani_carvajal.png'),
(1, 7, 'Eder', 'Militao', 3, '1998-01-18', 186, 'players/eder_militao.png'),
(1, 4, 'David', 'Alaba', 4, '1992-06-24', 180, 'players/david_alaba.png'),
(1, 18, 'Jude', 'Bellingham', 5, '2003-06-29', 186, 'players/jude_bellingham.png'),
(1, 21, 'Toni', 'Kroos', 8, '1990-01-04', 183, 'players/toni_kroos.png'),
(1, 12, 'Luka', 'Modric', 10, '1985-09-09', 172, 'players/luka_modric.png'),
(1, 46, 'Federico', 'Valverde', 15, '1998-07-22', 182, 'players/federico_valverde.png'),
(1, 7, 'Vinicius', 'Junior', 7, '2000-07-12', 176, 'players/vinicius_junior.png'),
(1, 7, 'Rodrygo', 'Goes', 11, '2001-01-09', 174, 'players/rodrygo_goes.png'),
(1, 21, 'Antonio', 'Rudiger', 22, '1993-03-03', 190, 'players/antonio_rudiger.png'),
(2, 21, 'Marc-Andre', 'ter Stegen', 1, '1992-04-30', 187, 'players/marc_andre_ter_stegen.png'),
(2, 46, 'Ronald', 'Araujo', 4, '1999-03-07', 191, 'players/ronald_araujo.png'),
(2, 20, 'Jules', 'Kounde', 23, '1998-11-12', 180, 'players/jules_kounde.png'),
(2, 40, 'Alejandro', 'Balde', 3, '2003-10-18', 175, 'players/alejandro_balde.png'),
(2, 15, 'Andreas', 'Christensen', 15, '1996-04-10', 187, 'players/andreas_christensen.png'),
(2, 30, 'Frenkie', 'de Jong', 21, '1997-05-12', 180, 'players/frenkie_de_jong.png'),
(2, 40, 'Pedri', 'Gonzalez', 8, '2002-11-25', 174, NULL),
(2, 40, 'Gavi', 'Paez', 6, '2004-08-05', 173, NULL),
(2, 21, 'Ilkay', 'Gundogan', 22, '1990-10-24', 180, 'players/ilkay_gundogan.png'),
(2, 33, 'Robert', 'Lewandowski', 9, '1988-08-21', 185, 'players/robert_lewandowski.png'),
(2, 7, 'Raphinha', 'Dias', 11, '1996-12-14', 176, NULL),
(3, 21, 'Manuel', 'Neuer', 1, '1986-03-27', 193, 'players/manuel_neuer.png'),
(3, 21, 'Joshua', 'Kimmich', 6, '1995-02-08', 177, 'players/joshua_kimmich.png'),
(3, 30, 'Matthijs', 'de Ligt', 4, '1999-08-12', 189, NULL),
(3, 10, 'Alphonso', 'Davies', 19, '2000-11-02', 183, 'players/alphonso_davies.png'),
(3, 21, 'Leon', 'Goretzka', 8, '1995-02-06', 189, 'players/leon_goretzka.png'),
(3, 21, 'Thomas', 'Muller', 25, '1989-09-13', 186, 'players/thomas_muller.png'),
(3, 21, 'Leroy', 'Sane', 10, '1996-01-11', 183, 'players/leroy_sane.png'),
(3, 21, 'Serge', 'Gnabry', 7, '1995-07-14', 176, 'players/serge_gnabry.png'),
(3, 20, 'Kingsley', 'Coman', 11, '1996-06-13', 180, 'players/kingsley_coman.png'),
(3, 21, 'Jamal', 'Musiala', 42, '2003-02-26', 184, 'players/jamal_musiala.png'),
(3, 18, 'Harry', 'Kane', 9, '1993-07-28', 188, 'players/harry_kane.png'),
(4, 25, 'Gianluigi', 'Donnarumma', 1, '1999-02-25', 196, 'players/gianluigi_donnarumma.png'),
(4, 28, 'Achraf', 'Hakimi', 2, '1998-11-04', 181, 'players/achraf_hakimi.png'),
(4, 7, 'Marquinhos', 'Marquinhos', 5, '1994-05-14', 183, 'players/marquinhos_marquinhos.png'),
(4, 38, 'Milan', 'Skriniar', 37, '1995-02-11', 188, 'players/milan_skriniar.png'),
(4, 34, 'Nuno', 'Mendes', 25, '2002-06-19', 176, 'players/nuno_mendes.png'),
(4, 34, 'Vitinha', 'Machado', 17, '2000-02-13', 172, NULL),
(4, 20, 'Warren', 'Zaire-Emery', 33, '2006-03-08', 178, 'players/warren_zaire_emery.png'),
(4, 20, 'Ousmane', 'Dembele', 10, '1997-05-15', 178, 'players/ousmane_dembele.png'),
(4, 20, 'Kylian', 'Mbappe', 7, '1998-12-20', 178, 'players/kylian_mbappe.png'),
(4, 34, 'Goncalo', 'Ramos', 9, '2001-06-20', 185, 'players/goncalo_ramos.png'),
(4, 40, 'Marco', 'Asensio', 11, '1996-01-21', 182, 'players/marco_asensio.png'),
(5, 7, 'Ederson', 'Moraes', 31, '1993-08-17', 188, 'players/ederson_moraes.png'),
(5, 18, 'Kyle', 'Walker', 2, '1990-05-28', 183, 'players/kyle_walker.png'),
(5, 34, 'Ruben', 'Dias', 3, '1997-05-14', 187, 'players/ruben_dias.png'),
(5, 18, 'John', 'Stones', 5, '1994-05-28', 188, 'players/john_stones.png'),
(5, 30, 'Nathan', 'Ake', 6, '1995-02-18', 180, 'players/nathan_ake.png'),
(5, 40, 'Rodri', 'Hernandez', 16, '1996-06-22', 191, NULL),
(5, 5, 'Kevin', 'De Bruyne', 17, '1991-06-28', 181, NULL),
(5, 34, 'Bernardo', 'Silva', 20, '1994-08-10', 173, 'players/bernardo_silva.png'),
(5, 18, 'Phil', 'Foden', 47, '2000-05-28', 171, 'players/phil_foden.png'),
(5, 18, 'Jack', 'Grealish', 10, '1995-09-10', 180, 'players/jack_grealish.png'),
(5, 32, 'Erling', 'Haaland', 9, '2000-07-21', 194, 'players/erling_haaland.png'),
(6, 7, 'Alisson', 'Becker', 1, '1992-10-02', 193, 'players/alisson_becker.png'),
(6, 18, 'Trent', 'Alexander-Arnold', 66, '1998-10-07', 180, 'players/trent_alexander_arnold.png'),
(6, 30, 'Virgil', 'van Dijk', 4, '1991-07-08', 193, 'players/virgil_van_dijk.png'),
(6, 36, 'Andrew', 'Robertson', 26, '1994-03-11', 178, 'players/andrew_robertson.png'),
(6, 20, 'Ibrahima', 'Konate', 5, '1999-05-25', 194, 'players/ibrahima_konate.png'),
(6, 1, 'Alexis', 'Mac Allister', 10, '1998-12-24', 174, 'players/alexis_mac_allister.png'),
(6, 23, 'Dominik', 'Szoboszlai', 8, '2000-10-25', 186, 'players/dominik_szoboszlai.png'),
(6, 17, 'Mohamed', 'Salah', 11, '1992-06-15', 175, 'players/mohamed_salah.png'),
(6, 11, 'Luis', 'Diaz', 7, '1997-01-13', 178, 'players/luis_diaz.png'),
(6, 46, 'Darwin', 'Nunez', 9, '1999-06-24', 187, 'players/darwin_nunez.png'),
(6, 34, 'Diogo', 'Jota', 20, '1996-12-04', 178, 'players/diogo_jota.png'),
(7, 33, 'Wojciech', 'Szczesny', 1, '1990-04-18', 196, 'players/wojciech_szczesny.png'),
(7, 7, 'Danilo', 'Danilo', 6, '1991-07-15', 184, 'players/danilo_danilo.png'),
(7, 7, 'Bremer', 'Bremer', 3, '1997-03-18', 188, 'players/bremer_bremer.png'),
(7, 25, 'Federico', 'Gatti', 4, '1998-06-24', 190, 'players/federico_gatti.png'),
(7, 25, 'Andrea', 'Cambiaso', 27, '2000-02-20', 181, 'players/andrea_cambiaso.png'),
(7, 25, 'Manuel', 'Locatelli', 5, '1998-01-08', 185, 'players/manuel_locatelli.png'),
(7, 20, 'Adrien', 'Rabiot', 25, '1995-04-03', 188, 'players/adrien_rabiot.png'),
(7, 45, 'Weston', 'McKennie', 16, '1998-08-28', 185, 'players/weston_mckennie.png'),
(7, 25, 'Federico', 'Chiesa', 7, '1997-10-25', 175, 'players/federico_chiesa.png'),
(7, 37, 'Dusan', 'Vlahovic', 9, '2000-01-28', 190, 'players/dusan_vlahovic.png'),
(7, 45, 'Timothy', 'Weah', 22, '2000-02-22', 183, 'players/timothy_weah.png'),
(8, 42, 'Yann', 'Sommer', 1, '1988-12-17', 183, 'players/yann_sommer.png'),
(8, 20, 'Benjamin', 'Pavard', 28, '1996-03-28', 186, NULL),
(8, 25, 'Alessandro', 'Bastoni', 95, '1999-04-13', 190, NULL),
(8, 25, 'Francesco', 'Acerbi', 15, '1988-02-10', 192, 'players/francesco_acerbi.png'),
(8, 25, 'Federico', 'Dimarco', 32, '1997-11-10', 175, 'players/federico_dimarco.png'),
(8, 25, 'Nicolo', 'Barella', 23, '1997-02-07', 172, 'players/nicolo_barella.png'),
(8, 43, 'Hakan', 'Calhanoglu', 20, '1994-02-08', 178, 'players/hakan_calhanoglu.png'),
(8, 2, 'Henrikh', 'Mkhitaryan', 22, '1989-01-21', 177, 'players/henrikh_mkhitaryan.png'),
(8, 1, 'Lautaro', 'Martinez', 10, '1997-08-22', 174, 'players/lautaro_martinez.png'),
(8, 20, 'Marcus', 'Thuram', 9, '1997-08-06', 192, 'players/marcus_thuram.png'),
(8, 30, 'Denzel', 'Dumfries', 2, '1996-04-18', 188, 'players/denzel_dumfries.png'),
(9, 30, 'Remko', 'Pasveer', 22, '1983-11-08', 188, 'players/remko_pasveer.png'),
(9, 30, 'Devyne', 'Rensch', 2, '2003-01-18', 178, 'players/devyne_rensch.png'),
(9, 30, 'Jorrel', 'Hato', 4, '2006-03-07', 182, 'players/jorrel_hato.png'),
(9, 12, 'Josip', 'Sutalo', 37, '2000-02-28', 185, 'players/josip_sutalo.png'),
(9, 30, 'Steven', 'Bergwijn', 7, '1997-10-08', 178, 'players/steven_bergwijn.png'),
(9, 30, 'Steven', 'Berghuis', 23, '1991-12-19', 182, 'players/steven_berghuis.png'),
(9, 30, 'Brian', 'Brobbey', 9, '2002-02-01', 180, 'players/brian_brobbey.png'),
(9, 30, 'Kenneth', 'Taylor', 8, '2002-05-16', 182, 'players/kenneth_taylor.png'),
(9, 18, 'Jordan', 'Henderson', 6, '1990-06-17', 182, 'players/jordan_henderson.png'),
(9, 31, 'Chuba', 'Akpom', 10, '1995-10-09', 186, 'players/chuba_akpom.png'),
(9, 30, 'Branco', 'van den Boomen', 21, '1995-07-21', 188, NULL),
(10, 44, 'Anatoliy', 'Trubin', 1, '2001-08-01', 199, 'players/anatoliy_trubin.png'),
(10, 1, 'Nicolas', 'Otamendi', 30, '1988-02-12', 183, 'players/nicolas_otamendi.png'),
(10, 34, 'Antonio', 'Silva', 4, '2003-10-30', 187, 'players/antonio_silva.png'),
(10, 15, 'Alexander', 'Bah', 6, '1997-12-09', 183, 'players/alexander_bah.png'),
(10, 32, 'Fredrik', 'Aursnes', 8, '1995-12-10', 181, 'players/fredrik_aursnes.png'),
(10, 43, 'Orkun', 'Kokcu', 10, '2000-12-29', 175, 'players/orkun_kokcu.png'),
(10, 34, 'Joao', 'Mario', 20, '1993-01-19', 179, 'players/joao_mario.png'),
(10, 1, 'Angel', 'Di Maria', 11, '1988-02-14', 180, NULL),
(10, 34, 'Rafa', 'Silva', 27, '1993-05-17', 170, 'players/rafa_silva.png'),
(10, 7, 'David', 'Neres', 7, '1997-03-03', 175, 'players/david_neres.png'),
(10, 34, 'Goncalo', 'Guedes', 9, '1996-11-29', 179, 'players/goncalo_guedes.png'),
(11, 10, 'Brad', 'Marchand', 63, '1988-05-11', 175, NULL),
(11, 14, 'David', 'Pastrnak', 88, '1996-05-25', 183, NULL),
(11, 10, 'Patrice', 'Bergeron', 37, '1985-07-24', 185, 'players/patrice_bergeron.png'),
(11, 45, 'Charlie', 'McAvoy', 73, '1997-12-21', 185, 'players/charlie_mcavoy.png'),
(11, 41, 'Hampus', 'Lindholm', 27, '1994-01-20', 193, 'players/hampus_lindholm.png'),
(11, 45, 'Jeremy', 'Swayman', 1, '1998-11-24', 191, 'players/jeremy_swayman.png'),
(12, 35, 'Artemi', 'Panarin', 10, '1991-10-30', 180, 'players/artemi_panarin.png'),
(12, 41, 'Mika', 'Zibanejad', 93, '1993-04-18', 187, 'players/mika_zibanejad.png'),
(12, 45, 'Adam', 'Fox', 23, '1998-02-17', 182, 'players/adam_fox.png'),
(12, 45, 'Chris', 'Kreider', 20, '1991-04-30', 191, 'players/chris_kreider.png'),
(12, 35, 'Igor', 'Shesterkin', 31, '1995-12-30', 185, 'players/igor_shesterkin.png'),
(12, 45, 'Vincent', 'Trocheck', 16, '1993-07-11', 178, 'players/vincent_trocheck.png'),
(13, 45, 'Auston', 'Matthews', 34, '1997-09-17', 191, 'players/auston_matthews.png'),
(13, 10, 'Mitch', 'Marner', 16, '1997-05-05', 183, 'players/mitch_marner.png'),
(13, 41, 'William', 'Nylander', 88, '1996-05-01', 183, 'players/william_nylander.png'),
(13, 10, 'John', 'Tavares', 91, '1990-09-20', 185, 'players/john_tavares.png'),
(13, 10, 'Morgan', 'Rielly', 44, '1994-03-09', 185, 'players/morgan_rielly.png'),
(13, 35, 'Ilya', 'Samsonov', 35, '1997-02-22', 191, 'players/ilya_samsonov.png'),
(14, 10, 'Nick', 'Suzuki', 14, '1999-08-10', 180, 'players/nick_suzuki.png'),
(14, 45, 'Cole', 'Caufield', 22, '2001-01-02', 171, 'players/cole_caufield.png'),
(14, 10, 'Brendan', 'Gallagher', 11, '1992-05-06', 175, 'players/brendan_gallagher.png'),
(14, 10, 'Kirby', 'Dach', 77, '2001-01-21', 193, 'players/kirby_dach.png'),
(14, 10, 'Mike', 'Matheson', 8, '1994-02-13', 188, 'players/mike_matheson.png'),
(14, 10, 'Sam', 'Montembeault', 35, '1996-10-30', 191, 'players/sam_montembeault.png'),
(15, 10, 'Connor', 'Bedard', 98, '2005-07-17', 178, 'players/connor_bedard.png'),
(15, 10, 'Taylor', 'Hall', 71, '1991-11-14', 185, 'players/taylor_hall.png'),
(15, 45, 'Seth', 'Jones', 4, '1994-10-03', 193, 'players/seth_jones.png'),
(15, 45, 'Tyler', 'Johnson', 90, '1990-07-29', 173, 'players/tyler_johnson.png'),
(15, 42, 'Philipp', 'Kurashev', 23, '1999-10-12', 183, 'players/philipp_kurashev.png'),
(15, 14, 'Petr', 'Mrazek', 34, '1992-02-14', 188, 'players/petr_mrazek.png'),
(16, 45, 'Dylan', 'Larkin', 71, '1996-07-30', 185, 'players/dylan_larkin.png'),
(16, 41, 'Lucas', 'Raymond', 23, '2002-03-28', 180, 'players/lucas_raymond.png'),
(16, 45, 'Alex', 'DeBrincat', 12, '1997-12-18', 173, NULL),
(16, 21, 'Moritz', 'Seider', 53, '2001-04-06', 193, NULL),
(16, 10, 'David', 'Perron', 57, '1988-05-28', 180, 'players/david_perron.png'),
(16, 19, 'Ville', 'Husso', 35, '1995-03-06', 191, 'players/ville_husso.png'),
(17, 10, 'Sidney', 'Crosby', 87, '1987-08-07', 180, 'players/sidney_crosby.png'),
(17, 35, 'Evgeni', 'Malkin', 71, '1986-07-31', 191, 'players/evgeni_malkin.png'),
(17, 10, 'Kris', 'Letang', 58, '1987-04-24', 183, 'players/kris_letang.png'),
(17, 45, 'Jake', 'Guentzel', 59, '1994-10-06', 180, 'players/jake_guentzel.png'),
(17, 45, 'Bryan', 'Rust', 17, '1992-05-11', 180, 'players/bryan_rust.png'),
(17, 10, 'Tristan', 'Jarry', 35, '1995-04-20', 188, 'players/tristan_jarry.png'),
(18, 10, 'Steven', 'Stamkos', 91, '1990-02-07', 185, 'players/steven_stamkos.png'),
(18, 35, 'Nikita', 'Kucherov', 86, '1993-06-17', 180, 'players/nikita_kucherov.png'),
(18, 10, 'Brayden', 'Point', 21, '1996-03-13', 178, 'players/brayden_point.png'),
(18, 41, 'Victor', 'Hedman', 77, '1990-12-18', 198, 'players/victor_hedman.png'),
(18, 35, 'Andrei', 'Vasilevskiy', 88, '1994-07-25', 191, 'players/andrei_vasilevskiy.png'),
(18, 10, 'Brandon', 'Hagel', 38, '1998-08-27', 175, 'players/brandon_hagel.png'),
(19, 10, 'Nathan', 'MacKinnon', 29, '1995-09-01', 183, 'players/nathan_mackinnon.png'),
(19, 19, 'Mikko', 'Rantanen', 96, '1996-10-29', 193, 'players/mikko_rantanen.png'),
(19, 10, 'Cale', 'Makar', 8, '1998-10-30', 180, 'players/cale_makar.png'),
(19, 41, 'Gabriel', 'Landeskog', 92, '1992-11-23', 185, 'players/gabriel_landeskog.png'),
(19, 35, 'Valeri', 'Nichushkin', 13, '1995-03-04', 193, 'players/valeri_nichushkin.png'),
(19, 8, 'Alexandar', 'Georgiev', 40, '1996-02-10', 183, 'players/alexandar_georgiev.png'),
(20, 39, 'Anze', 'Kopitar', 11, '1987-08-24', 191, 'players/anze_kopitar.png'),
(20, 10, 'Drew', 'Doughty', 8, '1989-12-08', 185, 'players/drew_doughty.png'),
(20, 41, 'Adrian', 'Kempe', 9, '1996-09-13', 188, 'players/adrian_kempe.png'),
(20, 10, 'Quinton', 'Byfield', 55, '2002-08-19', 196, 'players/quinton_byfield.png'),
(20, 42, 'Kevin', 'Fiala', 22, '1996-09-02', 182, 'players/kevin_fiala.png'),
(20, 10, 'Cam', 'Talbot', 33, '1987-07-05', 191, 'players/cam_talbot.png'),
(21, 45, 'LeBron', 'James', 23, '1984-12-30', 206, 'players/lebron_james.png'),
(21, 45, 'Anthony', 'Davis', 3, '1993-03-11', 208, 'players/anthony_davis.png'),
(21, 45, 'Austin', 'Reaves', 15, '1998-05-29', 196, 'players/austin_reaves.png'),
(21, 45, 'Dangelo', 'Russell', 1, '1996-02-23', 193, NULL),
(21, 26, 'Rui', 'Hachimura', 28, '1998-02-08', 203, NULL),
(21, 45, 'Jarred', 'Vanderbilt', 2, '1999-04-03', 206, NULL),
(22, 45, 'Jayson', 'Tatum', 6, '1998-03-03', 203, 'players/jayson_tatum.png'),
(22, 45, 'Jaylen', 'Brown', 7, '1996-10-24', 198, 'players/jaylen_brown.png'),
(22, 27, 'Kristaps', 'Porzingis', 8, '1995-08-02', 221, 'players/kristaps_porzingis.png'),
(22, 45, 'Jrue', 'Holiday', 4, '1990-06-12', 193, 'players/jrue_holiday.png'),
(22, 45, 'Derrick', 'White', 9, '1994-07-02', 193, 'players/derrick_white.png'),
(22, 16, 'Al', 'Horford', 42, '1986-06-03', 206, NULL),
(23, 45, 'Stephen', 'Curry', 30, '1988-03-14', 188, 'players/stephen_curry.png'),
(23, 45, 'Klay', 'Thompson', 11, '1990-02-08', 198, 'players/klay_thompson.png'),
(23, 45, 'Draymond', 'Green', 23, '1990-03-04', 198, 'players/draymond_green.png'),
(23, 10, 'Andrew', 'Wiggins', 22, '1995-02-23', 201, 'players/andrew_wiggins.png'),
(23, 45, 'Chris', 'Paul', 3, '1985-05-06', 183, 'players/chris_paul.png'),
(23, 45, 'Brandin', 'Podziemski', 2, '2003-02-25', 193, 'players/brandin_podziemski.png'),
(24, 45, 'Zach', 'LaVine', 8, '1995-03-10', 196, 'players/zach_lavine.png'),
(24, 45, 'DeMar', 'DeRozan', 11, '1989-08-07', 198, 'players/demar_derozan.png'),
(24, 29, 'Nikola', 'Vucevic', 9, '1990-10-24', 211, 'players/nikola_vucevic.png'),
(24, 45, 'Coby', 'White', 24, '2000-02-16', 196, 'players/coby_white.png'),
(24, 45, 'Alex', 'Caruso', 6, '1994-02-28', 196, 'players/alex_caruso.png'),
(24, 45, 'Patrick', 'Williams', 44, '2001-08-26', 201, 'players/patrick_williams.png'),
(25, 45, 'Jimmy', 'Butler', 22, '1989-09-14', 201, 'players/jimmy_butler.png'),
(25, 45, 'Bam', 'Adebayo', 13, '1997-07-18', 206, 'players/bam_adebayo.png'),
(25, 45, 'Tyler', 'Herro', 14, '2000-01-20', 196, 'players/tyler_herro.png'),
(25, 45, 'Terry', 'Rozier', 2, '1994-03-17', 185, 'players/terry_rozier.png'),
(25, 45, 'Duncan', 'Robinson', 55, '1994-04-22', 201, 'players/duncan_robinson.png'),
(25, 45, 'Jaime', 'Jaquez Jr', 11, '2001-02-18', 201, NULL),
(26, 39, 'Luka', 'Doncic', 77, '1999-02-28', 201, 'players/luka_doncic.png'),
(26, 45, 'Kyrie', 'Irving', 11, '1992-03-23', 188, 'players/kyrie_irving.png'),
(26, 45, 'PJ', 'Washington', 25, '1998-08-23', 201, NULL),
(26, 45, 'Daniel', 'Gafford', 21, '1998-10-10', 208, 'players/daniel_gafford.png'),
(26, 45, 'Dereck', 'Lively', 2, '2004-02-12', 216, 'players/dereck_lively.png'),
(26, 45, 'Tim', 'Hardaway Jr', 10, '1992-03-16', 196, NULL),
(27, 45, 'Jalen', 'Brunson', 11, '1996-08-31', 188, NULL),
(27, 45, 'Julius', 'Randle', 30, '1994-11-29', 206, NULL),
(27, 18, 'OG', 'Anunoby', 8, '1997-07-17', 201, NULL),
(27, 45, 'Josh', 'Hart', 3, '1995-03-06', 196, 'players/josh_hart.png'),
(27, 45, 'Donte', 'DiVincenzo', 13, '1997-01-31', 193, 'players/donte_divincenzo.png'),
(27, 45, 'Mitchell', 'Robinson', 23, '1998-04-01', 213, 'players/mitchell_robinson.png'),
(28, 45, 'Kevin', 'Durant', 35, '1988-09-29', 208, 'players/kevin_durant.png'),
(28, 45, 'Devin', 'Booker', 1, '1996-10-30', 196, 'players/devin_booker.png'),
(28, 45, 'Bradley', 'Beal', 3, '1993-06-28', 193, 'players/bradley_beal.png'),
(28, 6, 'Jusuf', 'Nurkic', 20, '1994-08-23', 213, 'players/jusuf_nurkic.png'),
(28, 45, 'Grayson', 'Allen', 8, '1995-10-08', 193, 'players/grayson_allen.png'),
(28, 45, 'Eric', 'Gordon', 10, '1988-12-25', 191, 'players/eric_gordon.png'),
(29, 22, 'Giannis', 'Antetokounmpo', 34, '1994-12-06', 211, 'players/giannis_antetokounmpo.png'),
(29, 45, 'Damian', 'Lillard', 8, '1990-07-15', 188, 'players/damian_lillard.png'),
(29, 45, 'Khris', 'Middleton', 22, '1991-08-12', 201, 'players/khris_middleton.png'),
(29, 45, 'Brook', 'Lopez', 11, '1988-04-01', 216, 'players/brook_lopez.png'),
(29, 45, 'Bobby', 'Portis', 9, '1995-02-20', 208, 'players/bobby_portis.png'),
(29, 45, 'Malik', 'Beasley', 5, '1996-11-26', 193, 'players/malik_beasley.png'),
(31, 45, 'Patrick', 'Mahomes', 15, '1995-09-17', 191, 'players/patrick_mahomes.png'),
(31, 45, 'Travis', 'Kelce', 87, '1989-10-05', 196, 'players/travis_kelce.png'),
(31, 45, 'Chris', 'Jones', 95, '1994-07-03', 198, 'players/chris_jones.png'),
(31, 45, 'Isiah', 'Pacheco', 10, '1999-03-05', 178, 'players/isiah_pacheco.png'),
(31, 45, 'Rashee', 'Rice', 4, '2000-04-22', 188, 'players/rashee_rice.png'),
(31, 45, 'George', 'Karlaftis', 56, '2001-04-03', 193, 'players/george_karlaftis.png'),
(31, 45, 'Nick', 'Bolton', 32, '2000-03-10', 180, 'players/nick_bolton.png'),
(31, 45, 'Creed', 'Humphrey', 52, '1999-06-19', 193, 'players/creed_humphrey.png'),
(31, 45, 'Joe', 'Thuney', 62, '1992-11-18', 196, 'players/joe_thuney.png'),
(31, 45, 'Trent', 'McDuffie', 22, '2000-09-13', 183, 'players/trent_mcduffie.png'),
(31, 45, 'Justin', 'Reid', 20, '1997-02-15', 185, 'players/justin_reid.png'),
(32, 45, 'Mac', 'Jones', 10, '1998-09-05', 191, 'players/mac_jones.png'),
(32, 45, 'Rhamondre', 'Stevenson', 38, '1998-02-22', 183, 'players/rhamondre_stevenson.png'),
(32, 45, 'Matthew', 'Judon', 9, '1992-08-15', 191, 'players/matthew_judon.png'),
(32, 45, 'Jabrill', 'Peppers', 5, '1995-10-04', 180, NULL),
(32, 45, 'Kyle', 'Dugger', 23, '1996-03-22', 188, NULL),
(32, 45, 'Hunter', 'Henry', 85, '1994-12-07', 196, 'players/hunter_henry.png'),
(32, 45, 'Kendrick', 'Bourne', 84, '1995-08-02', 185, 'players/kendrick_bourne.png'),
(32, 45, 'David', 'Andrews', 60, '1992-07-10', 188, 'players/david_andrews.png'),
(32, 45, 'Deatrich', 'Wise', 91, '1994-07-28', 196, 'players/deatrich_wise.png'),
(32, 45, 'Christian', 'Gonzalez', 6, '2002-06-29', 188, NULL),
(32, 45, 'Juju', 'Smith-Schuster', 7, '1996-11-22', 185, 'players/juju_smith_schuster.png'),
(33, 45, 'Dak', 'Prescott', 4, '1993-07-29', 188, 'players/dak_prescott.png'),
(33, 45, 'CeeDee', 'Lamb', 88, '1999-04-08', 188, 'players/ceedee_lamb.png'),
(33, 45, 'Micah', 'Parsons', 11, '1999-05-26', 191, 'players/micah_parsons.png'),
(33, 45, 'Zack', 'Martin', 70, '1990-11-20', 193, 'players/zack_martin.png'),
(33, 45, 'Trevon', 'Diggs', 7, '1993-09-20', 188, 'players/trevon_diggs.png'),
(33, 45, 'DeMarcus', 'Lawrence', 90, '1992-04-28', 191, 'players/demarcus_lawrence.png'),
(33, 45, 'Brandin', 'Cooks', 3, '1993-09-25', 183, 'players/brandin_cooks.png'),
(33, 45, 'Tony', 'Pollard', 20, '1997-04-30', 183, 'players/tony_pollard.png'),
(33, 45, 'Tyler', 'Smith', 73, '2001-12-20', 196, 'players/tyler_smith.png'),
(33, 45, 'Jake', 'Ferguson', 86, '1999-01-18', 196, 'players/jake_ferguson.png'),
(33, 45, 'Leighton', 'Vander Esch', 55, '1996-02-08', 193, 'players/leighton_vander_esch.png'),
(34, 45, 'Jordan', 'Love', 10, '1998-11-02', 193, 'players/jordan_love.png'),
(34, 45, 'Aaron', 'Jones', 33, '1994-12-02', 175, 'players/aaron_jones.png'),
(34, 45, 'Christian', 'Watson', 9, '1999-05-12', 193, 'players/christian_watson.png'),
(34, 45, 'Jaire', 'Alexander', 23, '1997-02-09', 178, 'players/jaire_alexander.png'),
(34, 45, 'Rashan', 'Gary', 52, '1997-12-03', 193, NULL),
(34, 45, 'Kenny', 'Clark', 97, '1995-10-13', 191, 'players/kenny_clark.png'),
(34, 45, 'David', 'Bakhtiari', 69, '1991-09-30', 193, 'players/david_bakhtiari.png'),
(34, 45, 'Romeo', 'Doubs', 87, '2000-12-13', 188, 'players/romeo_doubs.png'),
(34, 45, 'AJ', 'Dillon', 28, '1998-05-02', 183, NULL),
(34, 45, 'Quay', 'Walker', 7, '2000-05-08', 193, NULL),
(34, 45, 'Xavier', 'McKinney', 29, '1999-08-09', 183, 'players/xavier_mckinney.png'),
(35, 45, 'Brock', 'Purdy', 13, '1999-12-27', 185, 'players/brock_purdy.png'),
(35, 45, 'Christian', 'McCaffrey', 23, '1996-06-07', 180, NULL),
(35, 45, 'Deebo', 'Samuel', 19, '1996-01-15', 183, NULL),
(35, 45, 'George', 'Kittle', 85, '1993-10-09', 193, NULL),
(35, 45, 'Trent', 'Williams', 71, '1988-07-19', 196, 'players/trent_williams.png'),
(35, 45, 'Nick', 'Bosa', 97, '1997-10-23', 193, 'players/nick_bosa.png'),
(35, 45, 'Fred', 'Warner', 54, '1996-11-19', 191, 'players/fred_warner.png'),
(35, 45, 'Brandon', 'Aiyuk', 11, '1998-03-17', 183, 'players/brandon_aiyuk.png'),
(35, 45, 'Charvarius', 'Ward', 7, '1996-05-16', 185, 'players/charvarius_ward.png'),
(35, 45, 'Dre', 'Greenlaw', 57, '1997-05-25', 191, 'players/dre_greenlaw.png'),
(35, 45, 'Talanoa', 'Hufanga', 29, '2000-02-05', 183, 'players/talanoa_hufanga.png'),
(36, 45, 'TJ', 'Watt', 90, '1994-10-11', 193, NULL),
(36, 45, 'Najee', 'Harris', 22, '1998-03-09', 185, 'players/najee_harris.png'),
(36, 45, 'George', 'Pickens', 14, '2001-03-04', 191, 'players/george_pickens.png'),
(36, 45, 'Minkah', 'Fitzpatrick', 39, '1996-11-17', 185, 'players/minkah_fitzpatrick.png'),
(36, 45, 'Cameron', 'Heyward', 97, '1989-05-06', 196, 'players/cameron_heyward.png'),
(36, 45, 'Alex', 'Highsmith', 56, '1997-08-07', 193, NULL),
(36, 45, 'Pat', 'Freiermuth', 88, '1998-10-25', 196, 'players/pat_freiermuth.png'),
(36, 45, 'Kenny', 'Pickett', 8, '1998-06-06', 191, 'players/kenny_pickett.png'),
(36, 45, 'Diontae', 'Johnson', 18, '1996-07-05', 178, 'players/diontae_johnson.png'),
(36, 45, 'Joey', 'Porter Jr', 24, '2000-07-26', 188, NULL),
(36, 45, 'Chris', 'Boswell', 9, '1991-03-16', 188, 'players/chris_boswell.png'),
(37, 45, 'Josh', 'Allen', 17, '1996-05-21', 196, 'players/josh_allen.png'),
(37, 45, 'Stefon', 'Diggs', 14, '1993-11-29', 183, 'players/stefon_diggs.png'),
(37, 45, 'Von', 'Miller', 40, '1989-03-26', 191, 'players/von_miller.png'),
(37, 45, 'Dawson', 'Knox', 88, '1996-11-14', 193, 'players/dawson_knox.png'),
(37, 45, 'Ed', 'Oliver', 91, '1997-04-12', 188, 'players/ed_oliver.png'),
(37, 45, 'Matt', 'Milano', 58, '1994-07-16', 183, 'players/matt_milano.png'),
(37, 45, 'Tredavious', 'White', 27, '1995-01-16', 180, NULL),
(37, 45, 'Jordan', 'Poyer', 21, '1991-04-25', 183, 'players/jordan_poyer.png'),
(37, 45, 'Micah', 'Hyde', 23, '1990-12-31', 183, 'players/micah_hyde.png'),
(37, 45, 'James', 'Cook', 4, '1999-09-25', 180, 'players/james_cook.png'),
(37, 45, 'Spencer', 'Brown', 79, '1998-02-28', 203, 'players/spencer_brown.png'),
(38, 45, 'Tua', 'Tagovailoa', 1, '1998-03-02', 185, 'players/tua_tagovailoa.png'),
(38, 45, 'Tyreek', 'Hill', 10, '1994-03-01', 178, NULL),
(38, 45, 'Jaylen', 'Waddle', 17, '1998-11-25', 178, NULL),
(38, 45, 'Raheem', 'Mostert', 31, '1992-04-09', 178, 'players/raheem_mostert.png'),
(38, 45, 'Jalen', 'Ramsey', 5, '1994-10-24', 185, 'players/jalen_ramsey.png'),
(38, 45, 'Bradley', 'Chubb', 2, '1996-06-24', 193, NULL),
(38, 45, 'Jevon', 'Holland', 8, '2000-03-03', 185, NULL),
(38, 45, 'Terron', 'Armstead', 75, '1991-07-23', 196, 'players/terron_armstead.png'),
(38, 45, 'Xavien', 'Howard', 25, '1993-07-04', 183, 'players/xavien_howard.png'),
(38, 45, 'Emmanuel', 'Ogbah', 91, '1993-11-28', 193, 'players/emmanuel_ogbah.png'),
(38, 45, 'David', 'Long Jr', 51, '1996-12-25', 185, NULL),
(39, 45, 'Jalen', 'Hurts', 1, '1998-08-07', 185, 'players/jalen_hurts.png'),
(39, 45, 'AJ', 'Brown', 11, '1997-06-30', 185, NULL),
(39, 45, 'DeVonta', 'Smith', 6, '1998-11-14', 183, 'players/devonta_smith.png'),
(39, 45, 'Jason', 'Kelce', 62, '1987-11-05', 191, 'players/jason_kelce.png'),
(39, 45, 'Lane', 'Johnson', 65, '1990-05-08', 198, 'players/lane_johnson.png'),
(39, 45, 'Fletcher', 'Cox', 91, '1990-12-13', 193, 'players/fletcher_cox.png'),
(39, 45, 'Darius', 'Slay', 2, '1991-01-01', 183, 'players/darius_slay.png'),
(39, 3, 'Jordan', 'Mailata', 68, '1997-03-31', 203, 'players/jordan_mailata.png'),
(39, 45, 'Dallas', 'Goedert', 88, '1995-01-03', 196, 'players/dallas_goedert.png'),
(39, 45, 'Haason', 'Reddick', 7, '1994-09-22', 185, NULL),
(39, 45, 'Jalen', 'Carter', 98, '2001-04-04', 191, NULL),
(40, 45, 'Justin', 'Fields', 1, '1999-03-05', 191, 'players/justin_fields.png'),
(40, 45, 'DJ', 'Moore', 2, '1997-04-14', 183, NULL),
(40, 45, 'Cole', 'Kmet', 85, '1999-03-10', 198, 'players/cole_kmet.png'),
(40, 45, 'Khalil', 'Herbert', 24, '1998-04-21', 178, 'players/khalil_herbert.png'),
(40, 45, 'Jaylon', 'Johnson', 33, '1999-04-19', 183, 'players/jaylon_johnson.png'),
(40, 45, 'Tremaine', 'Edmunds', 49, '1998-05-02', 196, 'players/tremaine_edmunds.png'),
(40, 45, 'Montez', 'Sweat', 98, '1996-09-04', 198, 'players/montez_sweat.png'),
(40, 45, 'Eddie', 'Jackson', 4, '1993-12-10', 183, 'players/eddie_jackson.png'),
(40, 45, 'Teven', 'Jenkins', 76, '1998-12-02', 198, 'players/teven_jenkins.png'),
(40, 45, 'Darnell', 'Wright', 58, '2001-08-10', 196, 'players/darnell_wright.png'),
(40, 45, 'Caleb', 'Williams', 18, '2001-11-18', 185, 'players/caleb_williams.png');

INSERT INTO venues (_city_id, name, capacity) VALUES
(1, 'Santiago Bernabeu', 81),
(2, 'Camp Nou', 99),
(3, 'Allianz Arena', 75),
(4, 'Parc des Princes', 48),
(5, 'Etihad Stadium', 53),
(6, 'Anfield', 54),
(7, 'Allianz Stadium', 41),
(8, 'San Siro', 80),
(9, 'Johan Cruyff Arena', 55),
(10, 'Estadio da Luz', 65),
(11, 'TD Garden', 19),
(12, 'Madison Square Garden', 19),
(13, 'Scotiabank Arena', 19),
(14, 'Bell Centre', 21),
(15, 'United Center', 20),
(16, 'Little Caesars Arena', 19),
(17, 'PPG Paints Arena', 18),
(18, 'Amalie Arena', 20),
(19, 'Ball Arena', 18),
(20, 'Crypto.com Arena', 19),
(21, 'Chase Center', 18),
(22, 'Kaseya Center', 20),
(23, 'American Airlines Center', 20),
(24, 'Footprint Center', 18),
(25, 'Fiserv Forum', 17),
(26, 'Wells Fargo Center', 21),
(27, 'Arrowhead Stadium', 76),
(28, 'Gillette Stadium', 66),
(29, 'AT&T Stadium', 80),
(30, 'Lambeau Field', 81),
(31, 'Levi''s Stadium', 68),
(17, 'Acrisure Stadium', 68),
(32, 'Highmark Stadium', 71),
(33, 'Hard Rock Stadium', 65),
(26, 'Lincoln Financial Field', 69),
(15, 'Soldier Field', 61),
(34, 'Wembley Stadium', 90),
(35, 'Stade de France', 80),
(36, 'Puskas Arena', 67),
(37, 'PGE Narodowy', 58),
(38, 'Ataturk Olympic Stadium', 75),
(39, 'Luzhniki Stadium', 81),
(40, 'Saitama Super Arena', 37);

INSERT INTO playgrounds (_sport_id, _venue_id) VALUES
(1, 1),
(1, 2),
(1, 3),
(1, 4),
(1, 5),
(1, 6),
(1, 7),
(1, 8),
(1, 9),
(1, 10),
(2, 11),
(2, 12),
(2, 13),
(2, 14),
(2, 15),
(2, 16),
(2, 17),
(2, 18),
(2, 19),
(2, 20),
(3, 11),
(3, 12),
(3, 15),
(3, 20),
(3, 21),
(3, 22),
(3, 23),
(3, 24),
(3, 25),
(3, 26),
(4, 27),
(4, 28),
(4, 29),
(4, 30),
(4, 31),
(4, 32),
(4, 33),
(4, 34),
(4, 35),
(4, 36),
(1, 37),
(1, 38),
(1, 39),
(1, 40),
(1, 41),
(1, 42),
(1, 43),
(2, 43),
(3, 43),
(4, 37),
(4, 38),
(4, 39),
(4, 40),
(4, 41),
(4, 42),
(4, 43);

INSERT INTO stages (name, round_order) VALUES
('group stage', 1),
('1/64', 2),
('1/32', 3),
('1/16', 4),
('1/4', 5),
('1/2', 6),
('final', 7);

COMMIT;
